pair_id,EN,SD,SCD
1,6.8740726738920594,73.02822148941686,0.8633831717812978
2,6.110103492989806,73.08272330947686,1.0603337258116008
3,6.125996312029444,74.71145521568894,1.110860145630857
