pair_id,EN,SD
1,6.8740726738920594,73.02822148941686
2,6.110103492989806,73.08272330947686
3,6.125996312029444,74.71145521568894
