,EN,SD,SCD,FMI
count,21.0,21.0,21.0,21.0
mean,6.822919494380686,73.27381610540485,1.5243838414005464,1.4684118523858916
std,0.32569486698987443,0.48388198868372495,0.47733318716099526,0.46272650095971396
min,6.110103492989806,72.5081141429524,0.45777881425043065,0.6450360144232241
25%,6.738206195389621,73.02822148941686,1.3564345759370455,1.0821142431934587
50%,6.783157687043371,73.18468690133342,1.7774319771605285,1.527035349385749
75%,7.001507764817695,73.37768966186722,1.8741252213346937,1.84410210718063
max,7.349389037942725,74.71145521568894,1.971740502581623,2.2208913413187776
