,EN,SD,SCD
count,21.0,21.0,21.0
mean,6.822919494380686,73.27381610540485,1.3337992577445479
std,0.32569486698987443,0.48388198868372495,0.3895550985243911
min,6.110103492989806,72.5081141429524,0.5465958184135674
25%,6.738206195389621,73.02822148941686,1.0603337258116008
50%,6.783157687043371,73.18468690133342,1.407084590370078
75%,7.001507764817695,73.37768966186722,1.6754573495682876
max,7.349389037942725,74.71145521568894,1.878711156695899
