,EN,SD,SCD
count,3.0,3.0,3.0
mean,6.370057492970436,73.60746667152756,1.0115256810745852
std,0.4365622777724262,0.9564704079725345,0.13075886994663788
min,6.110103492989806,73.02822148941686,0.8633831717812978
25%,6.118049902509625,73.05547239944687,0.9618584487964492
50%,6.125996312029444,73.08272330947686,1.0603337258116008
75%,6.500034492960752,73.89708926258291,1.085596935721229
max,6.8740726738920594,74.71145521568894,1.110860145630857
